<?xml version="1.0" encoding="utf-8" standalone="yes"?>
<rss version="2.0" xmlns:atom="http://www.w3.org/2005/Atom">
  <channel>
    <title>Posts on quick start by EEAS</title>
    <link>https://vigorous-kowalevski-5b67ca.netlify.app/posts/</link>
    <description>Recent content in Posts on quick start by EEAS</description>
    <generator>Hugo -- gohugo.io</generator>
    <language>ko</language>
    <lastBuildDate>Tue, 23 Mar 2021 08:51:22 +0900</lastBuildDate><atom:link href="https://vigorous-kowalevski-5b67ca.netlify.app/posts/index.xml" rel="self" type="application/rss+xml" />
    <item>
      <title>My First Post</title>
      <link>https://vigorous-kowalevski-5b67ca.netlify.app/posts/%EC%9B%80%EC%A7%81%EC%9D%B4%EB%8A%94-%EC%9D%B4%EB%AF%B8%EC%A7%80-%EB%A7%8C%EB%93%A4%EA%B8%B0/</link>
      <pubDate>Tue, 23 Mar 2021 08:51:22 +0900</pubDate>
      
      <guid>https://vigorous-kowalevski-5b67ca.netlify.app/posts/%EC%9B%80%EC%A7%81%EC%9D%B4%EB%8A%94-%EC%9D%B4%EB%AF%B8%EC%A7%80-%EB%A7%8C%EB%93%A4%EA%B8%B0/</guid>
      <description>움직이는 이미지를 만들어 문서에 인터렉티브함과 가독성을 높이고자 함.
 1. 왜 ScreenToGif? 오픈소스. 짜증나는 광고, 워터마크, 분량제한 없이 사용할 수 있다. 오픈 소스. 녹화 범위 지정 가능. 마우스 따라다니기 기능 있음. 설정 항목이 다양하고 방법이 직관적. gif, avi 등 다양한 형식 제공 마우스 위치 강조나 클릭 효과가 없지만 (못 찾은건지..) 고정창 마우스 따라가기 기능이 더 효율적이고 시인성도 높다고 판단. https://www.screentogif.com/
 비교 대상   CamStudio 오픈소스. 마우스 위치 강조나 클릭 효과 있음.</description>
    </item>
    
  </channel>
</rss>
