<?xml version="1.0" encoding="utf-8" standalone="yes"?>
<rss version="2.0" xmlns:atom="http://www.w3.org/2005/Atom">
  <channel>
    <title>Categories on quick start by EEAS</title>
    <link>https://vigorous-kowalevski-5b67ca.netlify.app/categories/</link>
    <description>Recent content in Categories on quick start by EEAS</description>
    <generator>Hugo -- gohugo.io</generator>
    <language>ko</language><atom:link href="https://vigorous-kowalevski-5b67ca.netlify.app/categories/index.xml" rel="self" type="application/rss+xml" />
  </channel>
</rss>
